入藏号,DOI,期刊影响因子
WOS:000591213700001,10.1016/j.seps.2017.01.008,2.196
WOS:000430766600024,10.1016/j.jeem.2018.01.010,4.175
WOS:000444257200055,10.1073/pnas.1809474115,9.58
WOS:000426609400003,10.1002/csr.1445,5.513
WOS:000419872200003,10.1111/1744-7941.12147,0.891
WOS:000425820100003,10.1002/bse.1981,6.381
WOS:000425894600005,10.1016/j.jik.2017.06.002,n/a
WOS:000415910100011,10.1016/j.jbankfin.2017.09.006,2.205
WOS:000442055700005,10.1016/j.jpubeco.2018.05.009,1.773
WOS:000447112800002,10.1016/j.jfineco.2018.06.012,4.693
WOS:000423768600005,10.1080/14719037.2017.1313445,3.162
WOS:000423832000006,10.1002/smj.2714,5.572
WOS:000417773800011,10.1016/j.omega.2017.02.008,5.341
WOS:000428938300017,10.1016/j.elerap.2018.02.002,2.911
WOS:000454975500027,10.1016/j.jeem.2017.07.006,4.175
WOS:000424742200002,10.1057/s41267-017-0129-1,7.724
WOS:000425492700008,10.1108/JSM-02-2017-0059,2.421
WOS:000430766600001,10.1016/j.jeem.2017.11.001,4.175
WOS:000450339000003,10.1002/bse.2033,6.381
WOS:000438000600002,10.1016/j.eneco.2018.05.013,4.151
WOS:000452539600017,10.1016/j.qref.2018.05.016,n/a
WOS:000425376000016,10.5465/amj.2015.1088,7.191
WOS:000428187400003,10.1111/itor.12363,2.341
WOS:000433032600006,10.1080/1540496X.2017.1363036,0.934
WOS:000428011900015,10.1016/j.jretconser.2018.02.005,3.585
WOS:000453498400029,10.1016/j.eneco.2018.10.031,4.151
WOS:000446463700009,10.1002/smj.2948,5.572
WOS:000428829100005,10.1016/j.eneco.2017.12.022,4.151
WOS:000428829100012,10.1016/j.eneco.2017.12.030,4.151
WOS:000436903100001,10.1016/j.ememar.2017.12.001,2.108
WOS:000424842000001,10.1002/fut.21867,1.449
WOS:000431970200001,10.1111/ajfs.12208,0.556
WOS:000453631500043,10.1002/bse.2229,6.381
WOS:000426352300010,10.1016/j.elerap.2017.12.004,2.911
WOS:000453631500005,10.1002/bse.2060,6.381
WOS:000439970700010,10.1038/s41467-018-05259-5,11.878
WOS:000430023000008,10.1177/0149206316632057,9.056
WOS:000428829100038,10.1016/j.eneco.2017.12.023,4.151
WOS:000424842000006,10.1002/fut.21897,1.449
WOS:000431837600026,10.1016/j.jbusres.2017.06.001,4.028
WOS:000439594400004,10.1016/j.jik.2016.07.002,n/a
WOS:000425376000014,10.5465/amj.2013.1064,7.191
WOS:000428415600007,10.1287/mnsc.2016.2616,4.219
WOS:000427448700009,10.1016/j.chieco.2017.09.004,2.106
WOS:000444663700008,10.1016/j.frl.2017.11.009,1.709
WOS:000435288500004,10.1108/IJOPM-04-2017-0204,4.111
WOS:000427700000003,10.1080/1331677X.2018.1438906,1.381
WOS:000431837600016,10.1016/j.jbusres.2018.02.011,4.028
WOS:000450452000005,10.1057/s41267-017-0108-6,7.724
WOS:000414884100010,10.1016/j.omega.2017.01.010,5.341
WOS:000446285000020,10.1016/j.jbusres.2018.07.034,4.028
WOS:000424721900033,10.1016/j.jcorpfin.2017.11.012,2.349
WOS:000446343100012,10.1177/0149206316668237,9.056
WOS:000428741400001,10.1017/S0022109017001119,2.266
WOS:000450450000001,10.1080/09585192.2016.1244096,3.15
WOS:000433046000005,10.1086/697086,6.342
WOS:000431837600024,10.1016/j.jbusres.2017.09.018,4.028
WOS:000424309500003,10.1016/j.eneco.2017.11.001,4.151
WOS:000424721900001,10.1016/j.jcorpfin.2017.10.016,2.349
WOS:000427339200004,10.1016/j.jce.2016.12.002,1.708
WOS:000434798700001,10.1509/jm.82.41,7.821
WOS:000415910100012,10.1016/j.jbankfin.2016.04.022,2.205
WOS:000423641200003,10.1016/j.jinteco.2017.10.001,2.216
WOS:000441905700004,10.1108/IJLM-03-2017-0059,2.226
WOS:000418727400007,10.1016/j.ijforecast.2017.08.004,3.386
WOS:000428187400005,10.1111/itor.12448,2.341
WOS:000419967300004,10.1111/cwe.12227,1.066
WOS:000445713500017,10.1016/j.eneco.2018.06.010,4.151
WOS:000436911900003,10.1016/j.jfbs.2018.02.001,3.225
WOS:000434642000001,10.1002/for.2511,0.816
WOS:000436903100002,10.1016/j.ememar.2017.12.004,2.108
WOS:000454462300008,10.1016/j.frl.2018.02.026,1.709
WOS:000419006100007,10.1177/1548051817707517,1.597
WOS:000448100700007,10.1016/j.jinteco.2018.05.003,2.216
WOS:000423827600007,10.1007/s10551-015-2943-3,3.796
WOS:000447639000005,10.1111/deci.12303,1.96
WOS:000442131100011,10.3846/20294913.2016.1266529,4.344
WOS:000430690700006,10.1111/rode.12354,0.716
WOS:000449989900012,10.1146/annurev-financial-110716-032402,n/a
WOS:000438339900003,10.1002/csr.1464,5.513
WOS:000436903100012,10.1016/j.ememar.2018.02.003,2.108
WOS:000428187400006,10.1111/itor.12477,2.341
WOS:000424316700014,10.1016/j.ecolecon.2017.08.028,4.281
WOS:000432061000001,10.1177/1042258717741129,6.193
WOS:000443229800007,10.1257/aer.20160782,4.097
WOS:000442131100008,10.3846/20294913.2016.1216472,4.344
WOS:000432032700014,10.1017/asb.2018.3,1.017
WOS:000452508400007,10.1057/s41267-018-0150-z,7.724
WOS:000423641200012,10.1016/j.jinteco.2017.11.005,2.216
WOS:000449634600001,10.1002/gsj.1165,2.73
WOS:000425202700032,10.1016/j.ecolecon.2017.11.025,4.281
WOS:000445879400006,10.1086/698750,6.342
WOS:000450446300007,10.1057/s41267-018-0148-6,7.724
WOS:000425202700051,10.1016/j.ecolecon.2017.12.020,4.281
WOS:000431792700001,10.5018/economics-ejournal.ja.2018-23,0.735
WOS:000442324900003,10.1108/JPBM-06-2017-1499,2.018
WOS:000455071200003,10.1016/j.jom.2018.05.003,7.776
WOS:000436932700004,10.1111/1744-7941.12140,0.891
WOS:000426407900001,10.1016/j.jempfin.2017.09.007,1.244
WOS:000427804900012,10.1007/s10551-016-3022-0,3.796
WOS:000428020400010,10.1108/IJOPM-11-2015-0687,4.111
WOS:000437263400007,10.1111/1467-8489.12261,1.37
WOS:000423247800050,10.1016/j.econmod.2017.05.007,2.056
WOS:000463723700003,10.1080/13547860.2018.1515002,0.667
WOS:000426352300013,10.1016/j.elerap.2017.12.003,2.911
WOS:000430440500033,10.1016/j.ribaf.2017.07.115,1.467
WOS:000450326900020,10.1002/csr.1637,5.513
WOS:000447559700004,10.1108/SCM-03-2018-0095,4.296
WOS:000449891600026,10.1016/j.eneco.2018.08.018,4.151
WOS:000447123100005,10.1111/1467-8551.12282,2.75
WOS:000428829100019,10.1016/j.eneco.2018.01.004,4.151
WOS:000425820100007,10.1002/bse.1987,6.381
WOS:000428096400005,10.1016/j.jedc.2018.01.023,1.502
WOS:000449671700001,10.1002/for.2502,0.816
WOS:000425200600012,10.1016/j.jwb.2017.11.006,5.789
WOS:000456823900001,10.1017/S0022050718000529,1.683
WOS:000422915200005,10.1109/TEM.2017.2734940,1.867
WOS:000452170000001,10.1057/s41291-018-0039-5,1.231
WOS:000414881400001,10.1016/j.jbusres.2017.08.025,4.028
WOS:000431159100009,10.1016/j.eneco.2018.02.004,4.151
WOS:000429765800001,10.1016/j.jfineco.2018.01.003,4.693
WOS:000428707000011,10.1108/EJM-06-2016-0318,1.716
WOS:000449245800017,10.1016/j.jbusres.2018.04.022,4.028
WOS:000447729600008,10.1108/ECAM-07-2017-0119,1.561
WOS:000426023100001,10.1016/j.jeconom.2017.05.021,1.949
WOS:000428098100013,10.1016/j.ibusrev.2017.09.012,3.639
WOS:000425566800021,10.1016/j.iref.2017.09.009,1.432
WOS:000432827600004,10.1108/CMS-10-2016-0195,0.936
WOS:000453498400033,10.1016/j.eneco.2018.11.001,4.151
WOS:000451062900011,10.3846/tede.2018.5494,4.344
WOS:000433350800011,10.1007/s10551-016-3093-y,3.796
WOS:000446282700008,10.1016/j.ecolecon.2018.07.016,4.281
WOS:000453110000006,10.1016/j.ememar.2018.05.002,2.108
WOS:000439594400003,10.1016/j.jik.2016.12.003,n/a
WOS:000433262500012,10.1016/j.elerap.2018.04.005,2.911
WOS:000447824600018,10.1146/annurev-resource-100517-022938,n/a
WOS:000445711400009,10.1111/jems.12186,1.025
WOS:000428606900005,10.1016/j.hrmr.2017.07.001,3.625
WOS:000444305800002,10.1007/s10290-018-0317-5,1.186
WOS:000433032600001,10.1080/1540496X.2018.1466524,0.934
WOS:000424309500033,10.1016/j.eneco.2017.11.022,4.151
WOS:000428630000049,10.1371/journal.pone.0194912,2.776
WOS:000442689200003,10.1080/19368623.2018.1471434,3.011
WOS:000449891600029,10.1016/j.eneco.2018.08.027,4.151
WOS:000427151900013,10.1108/IJOPM-10-2016-0612,4.111
WOS:000424964900013,10.1016/j.jbusres.2017.10.011,4.028
WOS:000451282800004,10.1093/rfs/hhy003,4.975
WOS:000447571000021,10.1016/j.pacfin.2018.08.018,1.442
WOS:000414502500006,10.1007/s00148-017-0655-y,1.259
WOS:000438572100002,10.1177/0018726717738320,3.367
WOS:000426407900009,10.1016/j.jempfin.2017.11.003,1.244
WOS:000450837000010,10.3982/ECTA14370,4.281
WOS:000450817500012,10.1007/s10614-017-9688-2,1.185
WOS:000447885000007,10.1108/ECAM-10-2016-0227,1.561
WOS:000427339200007,10.1016/j.jce.2017.02.002,1.708
WOS:000430766600006,10.1016/j.jeem.2017.09.007,4.175
WOS:000449272600002,10.1007/s10754-018-9238-z,0.378
WOS:000454434100002,10.3846/jbem.2018.6263,1.855
WOS:000429740500004,10.1137/16M1087357,1.328
WOS:000419949900010,10.1007/s10551-015-2992-7,3.796
WOS:000449245800014,10.1016/j.jbusres.2018.04.021,4.028
WOS:000428376600001,10.1038/sdata.2018.42,5.929
WOS:000432511100009,10.1016/j.jbusres.2018.02.010,4.028
WOS:000435050500009,10.1016/j.insmatheco.2018.03.004,1.315
WOS:000432827600010,10.1108/CMS-04-2017-0108,0.936
WOS:000437078900019,10.1016/j.ecolecon.2018.05.008,4.281
WOS:000449989900020,10.1146/annurev-financial-110217-022737,n/a
WOS:000453498400020,10.1016/j.eneco.2018.10.009,4.151
WOS:000449892100023,10.1016/j.jdeveco.2018.08.009,2.855
WOS:000428890400004,10.1186/s40854-018-0086-0,n/a
WOS:000428611800013,10.1007/s10551-015-2942-4,3.796
WOS:000444660300007,10.1016/j.ijproman.2018.04.003,4.694
WOS:000428813800010,10.1080/13545701.2017.1411601,1.719
WOS:000442759000003,10.1080/1351847X.2016.1154083,1.124
WOS:000444021300001,10.1186/s40854-018-0103-3,n/a
WOS:000449891600027,10.1016/j.eneco.2018.09.001,4.151
WOS:000428741400003,10.1017/S0022109018000017,2.266
WOS:000424506900004,10.1080/1331677X.2018.1429292,1.381
WOS:000442055700009,10.1016/j.jpubeco.2018.06.004,1.773
WOS:000444391100005,10.1108/IJOPM-12-2016-0705,4.111
WOS:000450364800007,10.1111/1748-8583.12207,2.843
WOS:000417917000010,10.1002/smj.2695,5.572
WOS:000445981300009,10.1016/j.omega.2017.10.003,5.341
WOS:000429494100006,10.1287/mnsc.2016.2674,4.219
WOS:000433014500005,10.1016/j.ecolecon.2018.02.008,4.281
WOS:000430524600005,10.1016/j.ijproman.2018.01.008,4.694
WOS:000442234400004,10.1093/jae/ejy013,0.969
WOS:000451102900009,10.1016/j.ijproman.2018.09.003,4.694
WOS:000446078700057,10.1073/pnas.1808241115,9.58
WOS:000430023000009,10.1177/0149206316630379,9.056
WOS:000439676500014,10.1016/j.omega.2017.08.018,5.341
WOS:000419967300006,10.1111/cwe.12229,1.066
WOS:000429382500004,10.1057/s41291-018-0031-0,1.231
WOS:000452169200001,10.1057/s41291-018-0038-6,1.231
WOS:000453618400019,10.1016/j.indmarman.2018.06.007,4.779
WOS:000425318600009,10.1007/s10660-017-9275-6,1.94
WOS:000419113600010,10.1111/1467-8489.12241,1.37
WOS:000438330500009,10.1093/oxrep/gry008,2.392
WOS:000431458700005,10.1177/875697281804900105,2.043
WOS:000428166800003,10.1108/CMS-02-2017-0034,0.936
WOS:000452068600021,10.1016/j.jeoa.2017.04.001,1.75
WOS:000444364000021,10.1016/j.ecolecon.2018.04.009,4.281
WOS:000430720200003,10.1080/07350015.2016.1180990,2.716
WOS:000418849300002,10.1017/S0266466616000517,1.238
WOS:000431837600032,10.1016/j.jbusres.2017.07.016,4.028
WOS:000447571200013,10.1016/j.jeconom.2018.06.014,1.949
WOS:000424003900001,10.1007/s10490-017-9537-9,2.737
WOS:000433262500009,10.1016/j.elerap.2018.01.007,2.911
WOS:000419410600023,10.1016/j.ibusrev.2017.08.001,3.639
WOS:000453498400039,10.1016/j.eneco.2018.10.001,4.151
WOS:000453436500003,10.1177/1470785317752048,0.726
WOS:000419403800005,10.1371/journal.pone.0185155,2.776
WOS:000452573400009,10.1016/j.iref.2018.03.005,1.432
WOS:000430528400013,10.1016/j.chieco.2016.06.006,2.106
WOS:000454435600003,10.3846/tede.2018.5582,4.344
WOS:000448492900010,10.1016/j.jcorpfin.2018.07.003,2.349
WOS:000429026500006,10.1080/00036846.2017.1420890,0.968
WOS:000417882700007,10.1111/manc.12200,0.43
WOS:000426024600028,10.1016/j.econlet.2018.01.019,0.876
WOS:000432447000004,10.1016/j.qref.2017.11.010,n/a
WOS:000446285600001,10.1016/j.jbankfin.2018.06.007,2.205
WOS:000441996500004,10.1007/s13132-016-0375-7,n/a
WOS:000449038300007,10.1016/j.najef.2018.04.002,1.199
WOS:000428829100031,10.1016/j.eneco.2018.01.026,4.151
WOS:000449289800060,10.1371/journal.pone.0206793,2.776
WOS:000439904200012,10.1080/14697688.2017.1357831,1.357
WOS:000430314600002,10.1017/mor.2017.63,2.4
WOS:000449634600005,10.1002/gsj.1170,2.73
WOS:000428611800012,10.1007/s10551-015-2980-y,3.796
WOS:000447571000012,10.1016/j.pacfin.2018.07.002,1.442
WOS:000427199600007,10.1080/00036846.2017.1340569,0.968
WOS:000448530500006,10.1007/s11142-018-9475-x,2.108
WOS:000435571400003,10.17221/101/2017-AGRICECON,1
WOS:000419420700009,10.1016/j.ijproman.2017.05.011,4.694
WOS:000438000600009,10.1016/j.eneco.2018.05.015,4.151
WOS:000442852400025,10.1111/rode.12391,0.716
WOS:000428813800002,10.1080/13545701.2017.1380309,1.719
WOS:000439383600004,10.1109/TEM.2018.2793215,1.867
WOS:000419694800006,10.1177/1059601116688612,3.104
WOS:000452501400006,10.1007/s10551-016-3361-x,3.796
WOS:000447558100005,10.1108/CAER-02-2017-0030,1.05
WOS:000442523400001,10.1108/IMR-01-2017-0011,3.447
WOS:000444660100016,10.1016/j.labeco.2018.05.005,1.327
WOS:000432131800005,10.1007/s10490-017-9518-z,2.737
WOS:000446323300006,10.1002/hec.3796,2.027
WOS:000439284200009,10.1509/jmr.15.0080,4.2
WOS:000437733700008,10.1007/s10551-016-3179-6,3.796
WOS:000446280100003,10.1002/jae.2632,2.053
WOS:000433649300002,10.1016/j.ehb.2018.01.001,2.183
WOS:000445742700002,10.1007/s10614-016-9638-4,1.185
WOS:000428847600011,10.3982/ECTA14115,4.281
WOS:000432795200005,10.1007/s00712-017-0565-1,1.141
WOS:000442131100006,10.3846/tede.2018.1430,4.344
WOS:000442759000010,10.1080/1351847X.2015.1071715,1.124
WOS:000440984800012,10.1002/asmb.2319,1.124
WOS:000442759900004,10.1080/14783363.2018.1486544,2.181
WOS:000418106300001,10.1016/j.jeconom.2017.09.003,1.949
WOS:000427151500004,10.1093/wber/lhw032,1.797
WOS:000428938300018,10.1016/j.elerap.2018.02.001,2.911
WOS:000424003900003,10.1007/s10490-017-9514-3,2.737
WOS:000429515500009,10.1016/j.jbankfin.2018.01.017,2.205
WOS:000423001500008,10.1016/j.econlet.2017.10.015,0.876
WOS:000436932700007,10.1111/1744-7941.12156,0.891
WOS:000454753400002,10.1016/j.retrec.2018.07.030,1.798
WOS:000452573400001,10.1016/j.iref.2018.02.020,1.432
WOS:000424181900041,10.1016/j.econlet.2017.12.009,0.876
WOS:000430122400003,10.1111/jbfa.12306,1.562
WOS:000428813800001,10.1080/13545701.2018.1441534,1.719
WOS:000431281900057,10.1371/journal.pone.0196524,2.776
WOS:000436213600013,10.1016/j.ibusrev.2017.11.004,3.639
WOS:000446505100007,10.1007/s11747-018-0584-7,9.36
WOS:000430677000005,10.1007/s11747-017-0540-y,9.36
WOS:000430864500001,10.4102/sajems.v21i1.1647,0.551
WOS:000419113600004,10.1111/1467-8489.12240,1.37
WOS:000433400700016,10.1016/j.indmarman.2017.07.006,4.779
WOS:000446103800014,10.1093/restud/rdx066,4.767
WOS:000426855900001,10.1111/fima.12180,1.545
WOS:000446848000004,10.1108/CMS-03-2018-0448,0.936
WOS:000442019700014,10.1016/j.eneco.2018.04.008,4.151
WOS:000424003900008,10.1007/s10490-017-9515-2,2.737
WOS:000423005100003,10.1016/j.omega.2017.03.006,5.341
WOS:000456673400001,10.1093/rof/rfy016,1.942
WOS:000433394100006,10.1016/j.red.2017.12.007,1.58
WOS:000430528400004,10.1016/j.chieco.2017.10.008,2.106
WOS:000430194300005,10.1108/CCSM-01-2017-0001,2.619
WOS:000426065000020,10.1002/hrm.21839,2.934
WOS:000434904600005,10.1016/j.chieco.2018.01.005,2.106
WOS:000452415900003,10.1002/hrdq.21327,3
WOS:000438324700007,10.1016/j.ibusrev.2018.01.004,3.639
WOS:000451108100008,10.1016/j.jfineco.2017.05.013,4.693
WOS:000437265400005,10.1111/1467-8551.12236,2.75
WOS:000428940700007,10.1093/restud/rdx028,4.767
WOS:000434744900018,10.1016/j.indmarman.2018.01.005,4.779
WOS:000430861100001,10.4102/sajems.v21i1.2030,0.551
WOS:000423620300001,10.1080/1331677X.2017.1421992,1.381
WOS:000424721900037,10.1016/j.jcorpfin.2017.12.027,2.349
WOS:000439683400018,10.1016/j.geb.2018.04.004,1.004
WOS:000436865900002,10.1007/s10551-016-3196-5,3.796
WOS:000428813800003,10.1080/13545701.2018.1438639,1.719
WOS:000445003500002,10.1080/09585192.2017.1284883,3.15
WOS:000433350800014,10.1007/s10551-016-3097-7,3.796
WOS:000448100700024,10.1016/j.jinteco.2018.08.004,2.216
WOS:000425316700005,10.1007/s11575-017-0331-1,2.689
WOS:000427991000004,10.1509/jmr.16.0623,4.2
WOS:000423247800046,10.1016/j.econmod.2017.03.023,2.056
WOS:000427189300039,10.1371/journal.pone.0194067,2.776
WOS:000430093400002,10.1080/09535314.2018.1431610,3.556
WOS:000431674000008,10.1007/s10693-018-0296-7,1.667
WOS:000430314600005,10.1017/mor.2017.9,2.4
WOS:000427445700003,10.1016/j.jimonfin.2018.02.006,1.78
WOS:000444499400001,10.1086/697465,4.452
WOS:000428813800008,10.1080/13545701.2017.1404621,1.719
WOS:000452779300007,10.1080/08985626.2018.1515825,2.928
WOS:000445166600003,10.1016/j.jeconom.2018.03.020,1.949
WOS:000446921100078,10.1371/journal.pone.0205317,2.776
WOS:000438893100001,10.1111/cwe.12246,1.066
WOS:000436121900006,10.1108/ECAM-06-2016-0155,1.561
WOS:000429149800017,10.3846/20294913.2016.1216018,4.344
WOS:000432227800006,10.1108/CAER-04-2017-0072,1.05
WOS:000444487500004,10.1177/0019793918768791,2.198
WOS:000447571200007,10.1016/j.jeconom.2018.06.008,1.949
WOS:000448857500005,10.1002/fut.21905,1.449
WOS:000447475700012,10.1016/j.jeem.2018.07.004,4.175
WOS:000431032800006,10.1007/s00148-017-0672-x,1.259
WOS:000429149800007,10.3846/20294913.2016.1213195,4.344
WOS:000450268700008,10.3846/ijspm.2018.6049,1.597
WOS:000451062900008,10.3846/tede.2018.5487,4.344
WOS:000426231000018,10.1016/j.jbankfin.2017.12.004,2.205
WOS:000433017200006,10.1016/j.jmoneco.2017.12.002,2.444
WOS:000424005800001,10.1108/IJCMA-03-2017-0021,1.196
WOS:000447083400004,10.1016/j.jwb.2018.07.001,5.789
WOS:000422915200003,10.1109/TEM.2017.2737663,1.867
WOS:000441090300015,10.1371/journal.pone.0200734,2.776
WOS:000447559700005,10.1108/SCM-01-2018-0021,4.296
WOS:000449264800002,10.1007/s10640-017-0186-8,2.154
WOS:000440920900009,10.1287/mnsc.2017.2771,4.219
WOS:000437976100008,10.1016/j.jeconom.2018.03.019,1.949
WOS:000428874600063,10.1098/rsos.172092,2.515
WOS:000426689800005,10.1007/s11150-017-9386-9,1.184
WOS:000442132000012,10.3846/tede.2018.3698,4.344
WOS:000424866200008,10.1111/1756-2171.12223,1.634
WOS:000448969300001,10.1186/s40854-018-0109-x,n/a
WOS:000447253200012,10.1142/S021759081742005X,0.495
WOS:000439401900022,10.1016/j.jedc.2018.02.004,1.502
WOS:000454467500021,10.1016/j.ejpoleco.2018.02.003,1.782
WOS:000428682400001,10.1080/09585192.2017.1331622,3.15
WOS:000435061200030,10.1016/j.iref.2017.11.007,1.432
WOS:000447140900004,10.1002/ijfe.1628,0.636
WOS:000440922200002,10.1287/mnsc.2017.2792,4.219
WOS:000446285600009,10.1016/j.jbankfin.2018.07.012,2.205
WOS:000443551500003,10.1007/s10490-017-9552-x,2.737
WOS:000442065400018,10.1016/j.econlet.2018.06.002,0.876
WOS:000430690700020,10.1111/rode.12373,0.716
WOS:000447824600017,10.1146/annurev-resource-100517-023321,n/a
WOS:000422983000006,10.1007/s11146-016-9596-6,1.174
WOS:000427945100003,10.1080/13696998.2017.1405817,1.885
WOS:000451059400002,10.3846/20294913.2018.1483977,4.344
WOS:000423759000011,10.1080/16081625.2016.1253483,0.98
WOS:000438937400003,10.1287/msom.2017.0619,2.667
WOS:000439371300008,10.1016/j.jimonfin.2018.06.002,1.78
WOS:000450268000007,10.3846/ijspm.2018.5476,1.597
WOS:000424003900004,10.1007/s10490-016-9501-0,2.737
WOS:000444257200050,10.1073/pnas.1811243115,9.58
WOS:000451062900010,10.3846/20294913.2017.1303648,4.344
WOS:000446676500007,10.1017/mor.2018.34,2.4
WOS:000454461900005,10.1016/j.jempfin.2018.09.001,1.244
WOS:000439921400009,10.1007/s00181-017-1249-y,1.029
WOS:000439676500016,10.1016/j.omega.2018.03.003,5.341
WOS:000428813800005,10.1080/13545701.2017.1387670,1.719
WOS:000424952100003,10.1080/14697688.2017.1373843,1.357
WOS:000439254400017,10.1016/j.geb.2017.10.005,1.004
WOS:000437997600023,10.1016/j.geb.2017.11.011,1.004
WOS:000434904600012,10.1016/j.chieco.2017.06.004,2.106
WOS:000436905500008,10.1016/j.jeconom.2018.03.009,1.949
WOS:000437733700007,10.1007/s10551-016-3169-8,3.796
WOS:000453604200001,10.1057/s41262-018-0093-5,1.829
WOS:000440882900001,10.1016/j.chieco.2017.10.005,2.106
WOS:000428601700010,10.1016/j.red.2017.08.005,1.58
WOS:000434221500007,10.1002/hec.3661,2.027
WOS:000451594400003,10.1080/13696998.2018.1515769,1.885
WOS:000430499600002,10.1080/07474938.2015.1122142,1.07
WOS:000440718400003,10.1080/03461238.2017.1418420,1.523
WOS:000452030600001,10.1080/1331677X.2018.1496845,1.381
WOS:000434007700006,10.1080/09585192.2016.1172656,3.15
WOS:000425492900005,10.1016/j.jimonfin.2018.01.002,1.78
WOS:000423620700005,10.1080/1331677X.2017.1421996,1.381
WOS:000433415100005,10.1016/j.ijindorg.2018.03.009,0.96
WOS:000427448700002,10.1016/j.chieco.2017.11.003,2.106
WOS:000446581800009,10.1017/S0022109018000200,2.266
WOS:000446505100008,10.1007/s11747-018-0590-9,9.36
WOS:000427339200014,10.1016/j.jce.2017.10.006,1.708
WOS:000453404000006,10.1017/S0022109018000534,2.266
WOS:000442019700012,10.1016/j.eneco.2018.04.014,4.151
WOS:000428415600004,10.1287/mnsc.2016.2603,4.219
WOS:000424294000003,10.1111/ecoj.12412,2.926
WOS:000441274100004,10.1177/1042258718795347,6.193
WOS:000448989200006,10.1017/jmo.2016.34,1.021
WOS:000435530900008,10.1016/j.jue.2017.09.002,2.447
WOS:000447750400003,10.5547/01956574.39.6.qji,2.456
WOS:000424517900064,10.1371/journal.pone.0192305,2.776
WOS:000432897500002,10.1080/1331677X.2018.1456357,1.381
WOS:000446162000007,10.1111/1467-8489.12269,1.37
WOS:000418183100008,10.1177/0019793917708314,2.198
WOS:000451062900012,10.3846/tede.2018.4545,4.344
WOS:000426608400004,10.1002/cjas.1390,0.849
WOS:000428187400008,10.1111/itor.12430,2.341
WOS:000454461900014,10.1016/j.jempfin.2018.11.001,1.244
WOS:000423649900029,10.1016/j.jebo.2017.11.030,1.404
WOS:000423247800028,10.1016/j.econmod.2017.08.003,2.056
WOS:000432479500006,10.1017/S0266466617000251,1.238
WOS:000437981400001,10.1155/2018/5068480,0.973
WOS:000430720200011,10.1080/07350015.2016.1166118,2.716
WOS:000453618400015,10.1016/j.indmarman.2018.05.004,4.779
WOS:000450268700007,10.3846/ijspm.2018.6048,1.597
WOS:000432909900006,10.4067/S0718-18762018000300106,0.833
WOS:000446848000003,10.1108/CMS-05-2017-0137,0.936
WOS:000438007500015,n/a,0.973
WOS:000419410600003,10.1016/j.ibusrev.2017.05.001,3.639
WOS:000436121200002,10.1017/mor.2018.5,2.4
WOS:000434114600009,10.1111/iere.12281,1.451
WOS:000453631500001,10.1002/bse.2055,6.381
WOS:000442145000009,10.1257/mic.20150259,1.453
WOS:000436917500006,10.1016/j.jcorpfin.2018.03.002,2.349
WOS:000435061200006,10.1016/j.iref.2018.03.016,1.432
WOS:000440317500015,10.1007/s40888-018-0120-8,0.714
WOS:000432447000013,10.1016/j.qref.2017.11.007,n/a
WOS:000430102200005,10.1017/S1365100516000420,0.814
WOS:000432788100001,10.1155/2018/3093708,0.973
WOS:000439676300009,10.1016/j.indmarman.2018.02.012,4.779
WOS:000443335200002,10.1186/s40854-018-0105-1,n/a
WOS:000438329800011,10.1093/rof/rfx016,1.942
WOS:000422994200001,10.1111/rode.12311,0.716
WOS:000427701400001,10.1080/1331677X.2018.1442235,1.381
WOS:000438970000012,10.1016/j.elerap.2018.04.004,2.911
WOS:000427578400003,10.5547/01956574.39.2.yyan,2.456
WOS:000446010200017,10.1371/journal.pone.0204559,2.776
WOS:000436593900010,10.1007/s40273-018-0654-1,3.705
WOS:000442366900003,10.1108/CAER-11-2016-0190,1.05
WOS:000429698400007,10.1111/1467-8489.12250,1.37
WOS:000451062900009,10.3846/tede.2018.5837,4.344
WOS:000440564000005,10.1111/ecoj.12528,2.926
WOS:000426023100005,10.1016/j.jeconom.2017.09.006,1.949
WOS:000428492800001,10.1016/j.jeconom.2017.11.006,1.949
WOS:000452889100005,10.17221/21/2018-AGRICECON,1
WOS:000441130300005,10.1002/fut.21926,1.449
WOS:000449892100006,10.1016/j.jdeveco.2018.07.005,2.855
WOS:000437733700017,10.1007/s10551-016-3190-y,3.796
WOS:000424956900008,10.1177/0971721817744459,0.647
WOS:000422773600003,10.17221/167/2016-AGRICECON,1
WOS:000448187700017,10.1111/rode.12388,0.716
WOS:000451062900013,10.3846/20294913.2017.1352050,4.344
WOS:000448230300008,10.1016/j.iref.2018.02.015,1.432
WOS:000440620100011,10.3846/16111699.2017.1422797,1.855
WOS:000449039100024,10.1016/j.chieco.2017.06.007,2.106
WOS:000442132000013,10.3846/tede.2018.3116,4.344
WOS:000446949900003,10.1016/j.jmoneco.2018.04.007,2.444
WOS:000443010100002,10.1007/s11150-017-9374-0,1.184
WOS:000436121200004,10.1017/mor.2017.55,2.4
WOS:000445541200004,10.1257/app.20170113,4.304
WOS:000451145100001,10.1155/2018/4371528,0.973
WOS:000429698400004,10.1111/1467-8489.12243,1.37
WOS:000454964100001,10.1016/j.retrec.2018.09.002,1.798
WOS:000446162000005,10.1111/1467-8489.12267,1.37
WOS:000453534000008,10.1177/1035304618810987,1.254
WOS:000423551800011,10.17159/sajs.2018/20160347,1.351
WOS:000453016800011,10.1002/CJAS.1468,0.849
WOS:000450999200008,10.1017/jmo.2016.36,1.021
WOS:000454913200005,10.1017/mor.2018.24,2.4
WOS:000429081600010,10.1371/journal.pone.0194433,2.776
WOS:000425318600001,10.1007/s10660-018-9290-2,1.94
WOS:000432032700007,10.1017/asb.2017.38,1.017
WOS:000443899400002,10.1017/S0266466617000317,1.238
WOS:000449475800001,10.3846/jbem.2018.5201,1.855
WOS:000445713500008,10.1016/j.eneco.2018.05.035,4.151
WOS:000452935700007,10.1016/j.jbankfin.2018.09.019,2.205
WOS:000430150000007,10.1080/14697688.2017.1414505,1.357
WOS:000436492100004,10.1016/j.irfa.2018.04.001,1.693
WOS:000425609700004,10.1007/s10888-017-9352-z,1.333
WOS:000452573400008,10.1016/j.iref.2018.03.003,1.432
WOS:000441232600068,10.1371/journal.pone.0201916,2.776
WOS:000451728200009,10.1016/j.jfs.2018.11.001,2.301
WOS:000454754500003,10.1016/j.jebo.2018.08.011,1.404
WOS:000449208200001,10.1155/2018/5267357,0.973
WOS:000430101800009,10.1111/1467-8551.12226,2.75
WOS:000438000600001,10.1016/j.eneco.2018.05.004,4.151
WOS:000426191500025,10.1287/mnsc.2016.2587,4.219
WOS:000436226500002,10.1016/j.jebo.2018.03.014,1.404
WOS:000429891200016,10.1016/j.econmod.2017.11.002,2.056
WOS:000425144700009,10.1111/roiw.12273,1.206
WOS:000454379700002,10.1016/j.jinteco.2018.07.007,2.216
WOS:000444663700039,10.1016/j.frl.2018.02.027,1.709
WOS:000427658400005,10.1080/13504851.2017.1355535,0.591
WOS:000433017200007,10.1016/j.jmoneco.2017.12.003,2.444
WOS:000445186800004,10.1111/1477-9552.12267,2.506
WOS:000429515000011,10.24818/18423264/52.1.18.11,0.973
WOS:000433135700008,10.1080/1540496X.2017.1343141,0.934
WOS:000422795500007,10.1111/ehr.12429,1.067
WOS:000450417900001,10.1186/s40854-018-0110-4,n/a
WOS:000450439500001,10.1177/0022242918805485,7.821
WOS:000428938300020,10.1016/j.elerap.2018.02.004,2.911
WOS:000438479700031,10.1016/j.econlet.2018.04.017,0.876
WOS:000448623600001,10.1155/2018/7581231,0.973
WOS:000442595600010,10.1111/1756-2171.12251,1.634
WOS:000431234300009,10.1093/cje/bex065,1.516
WOS:000424956900006,10.1177/0971721817744449,0.647
WOS:000449946800002,10.1111/1540-6229.12178,1.764
WOS:000450385400006,10.1016/j.jedc.2018.08.001,1.502
WOS:000454627200100,10.1371/journal.pone.0209890,2.776
WOS:000453579100002,10.15240/tul/001/2018-4-002,1.211
WOS:000426086200019,10.1016/j.irfa.2018.01.013,1.693
WOS:000431622200011,10.1111/caje.12333,0.703
WOS:000444497200020,10.1016/j.qref.2018.03.012,n/a
WOS:000433400200002,10.1016/j.jeconom.2017.04.005,1.949
WOS:000440771000020,10.1016/j.econmod.2018.04.002,2.056
WOS:000446285000009,10.1016/j.jbusres.2018.06.012,4.028
WOS:000438222700006,10.1111/ehr.12530,1.067
WOS:000452935700013,10.1016/j.jbankfin.2018.09.004,2.205
WOS:000438698500001,10.4102/sajems.v21i1.2157,0.551
WOS:000440951600018,10.1093/nsr/nwx033,13.222
WOS:000442213400010,10.1007/s10551-016-3244-1,3.796
WOS:000436121200005,10.1017/mor.2017.57,2.4
WOS:000450268000006,10.3846/ijspm.2018.5224,1.597
WOS:000429761600010,10.1016/j.econlet.2018.01.026,0.876
WOS:000429888900007,10.1177/1356766717695850,1.865
WOS:000430863100001,10.4102/sajems.v21i1.1717,0.551
WOS:000419517500011,10.1111/roie.12324,0.786
WOS:000429382500003,10.1057/s41291-018-0029-7,1.231
WOS:000445643000002,10.1016/j.ijindorg.2018.07.009,0.96
WOS:000451553000009,10.1080/07350015.2016.1191503,2.716
WOS:000441925500008,10.1016/j.intfin.2018.02.005,1.836
WOS:000449276000007,10.1177/0276146718802348,1.517
WOS:000454372100003,10.1016/j.foodpol.2018.10.001,3.788
WOS:000453601800008,10.1111/twec.12677,1.088
WOS:000444681100010,10.1371/journal.pone.0203140,2.776
WOS:000449475800004,10.3846/jbem.2018.5536,1.855
WOS:000436634200001,10.18045/zbefri.2018.1.11,n/a
WOS:000434233700009,10.1111/ecoj.12476,2.926
WOS:000448230300003,10.1016/j.iref.2018.02.010,1.432
WOS:000434114600011,10.1111/iere.12283,1.451
WOS:000449039100007,10.1016/j.chieco.2018.04.012,2.106
WOS:000447115000015,10.1016/j.strueco.2018.05.005,1.557
WOS:000439658500001,10.5018/economics-ejournal.ja.2018-44,0.735
WOS:000440118700010,10.1016/j.ecolecon.2018.04.015,4.281
WOS:000454435600011,10.3846/tede.2018.6981,4.344
WOS:000435084100002,10.1111/1475-4932.12401,0.75
WOS:000445799200006,10.1080/09537325.2018.1459539,1.739
WOS:000435748300018,10.1016/j.econmod.2017.12.012,2.056
WOS:000419006100002,10.1177/1548051817712876,1.597
WOS:000431141700010,10.1509/jppm.16.169,2.457
WOS:000431332600007,10.5755/j01.ee.29.1.16878,0.73
WOS:000424899500001,10.1007/s11365-017-0479-y,2.537
WOS:000450268700006,10.3846/ijspm.2018.6275,1.597
WOS:000446676500012,10.1017/mor.2018.7,2.4
WOS:000439933800002,10.1111/ncmr.12128,1.189
WOS:000439921400013,10.1007/s00181-017-1333-3,1.029
WOS:000440658900002,10.1111/1468-0106.12173,0.492
WOS:000451755800088,10.1371/journal.pone.0207937,2.776
WOS:000446676500013,10.1017/mor.2018.47,2.4
WOS:000454435600008,10.3846/tede.2018.6768,4.344
WOS:000429891200021,10.1016/j.econmod.2017.11.006,2.056
WOS:000427662200001,10.1016/j.ijresmar.2017.11.002,3.32
WOS:000426407900006,10.1016/j.jempfin.2017.09.009,1.244
WOS:000449722000006,10.1016/j.ijforecast.2018.01.007,3.386
WOS:000433649300009,10.1016/j.ehb.2018.02.008,2.183
WOS:000427204200004,10.7717/peerj.4475,2.353
WOS:000451500000011,10.15611/aoe.2018.2.11,0.347
WOS:000423620300002,10.1080/1331677X.2017.1421989,1.381
WOS:000443200400002,10.1007/s11403-017-0190-7,1.487
WOS:000426317000002,10.1007/s00199-016-1028-6,0.961
WOS:000441061400004,10.1080/14697688.2018.1445586,1.357
WOS:000430690700015,10.1111/rode.12366,0.716
WOS:000439254400015,10.1016/j.geb.2017.04.007,1.004
WOS:000435582100001,10.1515/snde-2016-0019,0.448
WOS:000448209500003,10.17221/281/2017-AGRICECON,1
WOS:000454467500010,10.1016/j.ejpoleco.2017.12.001,1.782
WOS:000453731700001,10.1155/2018/4047350,0.973
WOS:000431032800001,10.1007/s00148-018-0690-3,1.259
WOS:000427697000001,10.1080/1331677X.2018.1432373,1.381
WOS:000429494100002,10.1287/mnsc.2016.2598,4.219
WOS:000440471900001,10.1155/2018/6945032,0.973
WOS:000456012300001,10.2308/acch-52300,1.377
WOS:000422994200017,10.1111/rode.12345,0.716
WOS:000446178300002,10.1111/sjoe.12251,1.132
WOS:000424439200001,10.1155/2018/8545841,0.973
WOS:000418384400005,10.1007/s00780-017-0345-3,1.921
WOS:000429389000001,10.1007/s11579-017-0196-x,1.455
WOS:000429819800001,10.1080/13602381.2017.1407125,0.897
WOS:000452987500005,10.1016/j.ijindorg.2018.08.003,0.96
WOS:000429036700006,10.1080/17421772.2017.1353128,1.902
WOS:000435061200013,10.1016/j.iref.2017.10.020,1.432
WOS:000426231000029,10.1016/j.jbankfin.2018.01.010,2.205
WOS:000442759000001,10.1080/1351847X.2018.1496571,1.124
WOS:000428890400005,10.1186/s40854-017-0085-6,n/a
WOS:000454913200008,10.1017/mor.2018.48,2.4
WOS:000434904400005,10.1016/j.frl.2017.10.004,1.709
WOS:000455118900013,10.24818/18423264/52.4.18.13,0.973
WOS:000441850400038,10.1371/journal.pone.0202030,2.776
WOS:000429149800023,10.3846/tede.2018.249,4.344
WOS:000447680900013,10.24818/18423264/52.3.18.13,0.973
WOS:000483885200021,10.4102/sajbm.v49i1.317,0.429
WOS:000431500700001,10.1002/fut.21909,1.449
WOS:000454913200010,10.1017/mor.2018.56,2.4
WOS:000424956900005,10.1177/0971721817744446,0.647
WOS:000442861600001,10.1073/pnas.1810986115,9.58
WOS:000431970200004,10.1111/ajfs.12211,0.556
WOS:000440473600001,10.1155/2018/7280974,0.973
WOS:000423621900001,10.1080/1331677X.2018.1424557,1.381
WOS:000438457400037,10.1371/journal.pone.0200209,2.776
WOS:000444817300004,10.1080/03461238.2018.1452285,1.523
WOS:000428096400002,10.1016/j.jedc.2018.01.016,1.502
WOS:000432762300007,10.1016/j.econlet.2018.02.023,0.876
WOS:000431458700003,10.1177/875697281804900103,2.043
WOS:000440191800007,10.1108/CCSM-06-2016-0116,2.619
WOS:000428365500003,10.1111/auar.12182,1.443
WOS:000450488100004,10.1007/s00199-017-1073-9,0.961
WOS:000444975000008,10.1177/1470785317751998,0.726
WOS:000431508100011,10.1111/ecoj.12439,2.926
WOS:000426608400008,10.1002/cjas.1383,0.849
WOS:000454461900009,10.1016/j.jempfin.2018.09.006,1.244
WOS:000419420000002,10.1016/j.iref.2017.10.008,1.432
WOS:000418106300004,10.1016/j.jeconom.2017.08.018,1.949
WOS:000445989000002,10.1016/j.jmacro.2018.05.002,0.91
WOS:000435828200018,10.1162/ASEP_a_00619,0.611
WOS:000419113600007,10.1111/1467-8489.12239,1.37
WOS:000448230300016,10.1016/j.iref.2018.01.003,1.432
WOS:000427700000001,10.1080/1331677X.2018.1429294,1.381
WOS:000429742900053,10.1371/journal.pone.0194886,2.776
WOS:000445713500066,10.1016/j.eneco.2018.07.019,4.151
WOS:000450955400001,10.1186/s13561-018-0206-6,1.374
WOS:000451240800003,10.17221/295/2017-AGRICECON,1
WOS:000431500700002,10.1002/fut.21903,1.449
WOS:000425786600039,10.18520/cs/v114/i04/854-860,0.756
WOS:000443380300010,10.1111/auar.12197,1.443
WOS:000429240700001,10.1080/03461238.2017.1343748,1.523
WOS:000440364100017,10.24818/EA/2018/49/788,1.238
WOS:000446949700011,10.1016/j.jempfin.2018.06.006,1.244
WOS:000442132000011,10.3846/tede.2018.3762,4.344
WOS:000447803300005,10.1109/TEM.2017.2733227,1.867
WOS:000439892900003,10.1504/IJSTL.2018.10014642,1.277
WOS:000456012700003,10.1057/s41288-017-0066-z,0.597
WOS:000429891200041,10.1016/j.econmod.2017.08.026,2.056
WOS:000443013200007,10.1111/manc.12227,0.43
WOS:000454975500028,10.1016/j.jeem.2017.08.006,4.175
WOS:000432230400008,10.1016/j.euroecorev.2018.03.001,1.711
WOS:000447571200014,10.1016/j.jeconom.2018.06.015,1.949
WOS:000462675900001,10.4102/sajems.v21i1.2689,0.551
WOS:000428166800009,10.1108/CMS-01-2017-0005,0.936
WOS:000445976700002,10.2298/PAN130909001P,0.594
WOS:000449207600001,10.1155/2018/3402703,0.973
WOS:000447571200009,10.1016/j.jeconom.2018.06.010,1.949
WOS:000445989000007,10.1016/j.jmacro.2018.05.004,0.91
WOS:000454913200009,10.1017/mor.2018.59,2.4
WOS:000452236200001,10.1080/1331677X.2018.1498007,1.381
WOS:000451145600001,10.1155/2018/4783214,0.973
WOS:000424270900008,10.1016/j.socec.2017.12.002,1.14
WOS:000447638200053,10.1371/journal.pone.0205415,2.776
WOS:000424737100003,10.1142/S0217590817440039,0.495
WOS:000444476800008,10.1108/BJM-09-2017-0280,1.469
WOS:000450377900008,10.1016/j.jeconom.2018.09.001,1.949
WOS:000435983100011,10.1142/S0217590816500260,0.495
WOS:000442906600001,10.1155/2018/7630395,0.973
WOS:000445564700007,10.1080/13696998.2018.1474744,1.885
WOS:000448823700103,10.1371/journal.pone.0206342,2.776
WOS:000438829800038,10.1371/journal.pone.0200642,2.776
WOS:000442366900009,10.1108/CAER-02-2017-0015,1.05
WOS:000448762000006,10.18267/j.pep.676,0.629
WOS:000416975300010,10.1016/j.ribaf.2017.07.123,1.467
WOS:000437080200010,10.1016/j.jempfin.2018.03.006,1.244
WOS:000445167700007,10.1016/j.jebo.2018.05.011,1.404
WOS:000427699600002,10.1080/1331677X.2018.1429293,1.381
WOS:000437263100016,10.1111/aepr.12231,0.458
WOS:000455118900018,10.24818/18423264/52.4.18.18,0.973
WOS:000440620100013,10.3846/16111699.2017.1415959,1.855
WOS:000435528600013,10.1371/journal.pone.0197935,2.776
WOS:000444563000007,10.1080/00036846.2018.1489113,0.968
WOS:000449847300001,10.1155/2018/3293745,0.973
WOS:000424188200008,10.1016/j.eeh.2017.12.001,1.148
WOS:000444816200007,10.1080/13563467.2017.1393405,3.085
WOS:000416006800002,10.1080/13602381.2017.1357322,0.897
WOS:000438097100001,10.1080/00036846.2018.1450483,0.968
WOS:000439921400008,10.1007/s00181-018-1452-5,1.029
WOS:000436317000001,10.5018/economics-ejournal.ja.2018-41,0.735
WOS:000443014900004,10.1111/manc.12236,0.43
WOS:000442127400004,10.3846/ijspm.2018.1547,1.597
WOS:000447479900012,10.1016/j.jeconom.2018.08.001,1.949
WOS:000427846100010,10.1080/08985626.2018.1447241,2.928
WOS:000434904400026,10.1016/j.frl.2017.10.016,1.709
WOS:000451975000001,10.1080/1331677X.2018.1484787,1.381
WOS:000449291400047,10.1371/journal.pone.0206736,2.776
WOS:000447680900016,10.24818/18423264/52.3.18.16,0.973
WOS:000453042900003,10.3846/jbem.2018.6267,1.855
WOS:000426807400005,10.1007/s11142-017-9421-3,2.108
WOS:000439786300001,10.1155/2018/5720392,0.973
WOS:000431976700003,10.1111/cwe.12242,1.066
WOS:000438337600006,10.1111/aehr.12156,0.5
WOS:000446065600001,10.1155/2018/8302645,0.973
WOS:000441130300001,10.1002/fut.21927,1.449
WOS:000452987500003,10.1016/j.ijindorg.2018.08.008,0.96
WOS:000447896500001,10.1155/2018/2452406,0.973
WOS:000432789200001,10.1155/2018/9424908,0.973
WOS:000447149800001,10.1002/fut.21932,1.449
WOS:000431993000004,10.17221/235/2016-AGRICECON,1
WOS:000424270900001,10.1016/j.socec.2017.10.004,1.14
WOS:000448779900006,10.1111/jems.12248,1.025
WOS:000431709100001,10.1080/1351847X.2017.1356342,1.124
WOS:000440055600006,10.1080/00036846.2018.1468555,0.968
WOS:000448857500003,10.1002/fut.21920,1.449
WOS:000456418700006,10.1093/nsr/nwy064,13.222
WOS:000452573400022,10.1016/j.iref.2018.04.004,1.432
WOS:000419185200039,10.1371/journal.pone.0190103,2.776
WOS:000422891000052,10.1038/s41598-018-19503-x,4.011
WOS:000445564700006,10.1080/13696998.2018.1470977,1.885
WOS:000426316100009,10.1016/j.intfin.2017.09.018,1.836
WOS:000441729900004,10.1080/00036846.2018.1470316,0.968
WOS:000428453400001,10.1155/2018/9565896,0.973
WOS:000452736600004,10.1093/jeea/jvx039,3.296
WOS:000450526600001,10.1111/jmcb.12572,1.782
WOS:000431994300004,10.17221/227/2016-AGRICECON,1
WOS:000422651100005,10.1007/s10614-017-9699-z,1.185
WOS:000435084500006,10.1111/eufm.12131,1.292
WOS:000450129200010,10.1111/twec.12656,1.088
WOS:000441130300004,10.1002/fut.21930,1.449
WOS:000447571200005,10.1016/j.jeconom.2018.06.006,1.949
WOS:000441551200001,10.1155/2018/8512608,0.973
WOS:000435407300007,10.1007/s11403-016-0187-7,1.487
WOS:000450129200016,10.1111/twec.12468,1.088
WOS:000430314600007,10.1017/mor.2017.32,2.4
WOS:000441061400009,10.1080/14697688.2018.1444490,1.357
WOS:000447571000016,10.1016/j.pacfin.2018.07.004,1.442
WOS:000446162000010,10.1111/1467-8489.12277,1.37
WOS:000419377100001,10.5018/economics-ejournal.ja.2018-1,0.735
WOS:000483885200015,10.4102/sajbm.v49i1.196,0.429
WOS:000431874000004,10.1007/s10551-016-3120-z,3.796
WOS:000424692500004,10.1177/1024529417744177,n/a
WOS:000449540900002,10.1017/S026646661700041X,1.238
WOS:000455118900009,10.24818/18423264/52.4.18.09,0.973
WOS:000434642000007,10.1002/for.2526,0.816
WOS:000446063900001,10.1155/2018/2087145,0.973
WOS:000439786000001,10.1155/2018/4601395,0.973
WOS:000455254000003,10.3846/jbem.2018.6811,1.855
WOS:000440215400046,10.3390/sym10070276,2.143
WOS:000430676200001,10.1155/2018/1832926,0.973
WOS:000454100700002,10.1111/infi.12335,0.448
WOS:000423108300001,10.1155/2018/6042830,0.973
WOS:000446129500012,10.1007/s00191-017-0543-3,1.435
WOS:000429515000009,n/a,0.973
WOS:000435985200002,10.1142/S0217590817400082,0.495
WOS:000449984800018,10.1111/iere.12333,1.451
WOS:000430102200010,10.1017/S1365100516000559,0.814
WOS:000436121200011,10.1017/mor.2018.20,2.4
WOS:000450817500001,10.1007/s10614-018-9832-7,1.185
WOS:000435355300006,10.1007/s10614-017-9679-3,1.185
WOS:000445566200001,10.1155/2018/7521689,0.973
WOS:000442297600005,10.1080/09638199.2018.1454499,0.958
WOS:000437978700001,10.1155/2018/8362912,0.973
WOS:000431430000005,10.1515/snde-2014-0032,0.448
WOS:000424181900003,10.1016/j.econlet.2017.11.018,0.876
WOS:000446064200001,10.1155/2018/3726080,0.973
WOS:000430543900004,10.1111/joie.12162,0.983
WOS:000453639900013,10.1016/j.chieco.2018.07.007,2.106
WOS:000431332600003,10.5755/j01.ee.29.1.5444,0.73
WOS:000451813100008,10.1002/jae.2644,2.053
WOS:000424834400001,10.1155/2018/2068287,0.973
WOS:000452802300006,10.1093/erae/jby016,2.419
WOS:000423355500002,10.1007/s11079-017-9469-5,1.151
WOS:000429760500003,10.1016/j.jebo.2017.12.023,1.404
WOS:000447680900005,10.24818/18423264/52.3.18.05,0.973
WOS:000451062900007,10.3846/20294913.2017.1318313,4.344
WOS:000438643200003,10.4102/sajbm.v49i1.14,0.429
WOS:000422940800001,10.5018/economics-ejournal.ja.2018-2,0.735
WOS:000445888900008,10.1016/j.jimonfin.2018.09.007,1.78
WOS:000437166800001,10.1155/2018/7902985,0.973
WOS:000419755100008,10.1002/sres.2444,1.052
WOS:000435828200001,10.1162/ASEP_a_00600,0.611
WOS:000447680900002,10.24818/18423264/52.3.18.02,0.973
WOS:000436634200015,10.18045/zbefri.2018.1.355,n/a
WOS:000441061400003,10.1080/14697688.2018.1488668,1.357
WOS:000430429000002,10.1080/03461238.2017.1357654,1.523
WOS:000446934100001,10.5018/economics-ejournal.ja.2018-58,0.735
WOS:000424060400048,10.1371/journal.pone.0192546,2.776
WOS:000436942600004,10.1111/obes.12235,0.989
WOS:000442065400040,10.1016/j.econlet.2018.06.018,0.876
WOS:000491235200003,10.3917/redp.281.0059,n/a
WOS:000447445900001,10.1155/2018/4721596,0.973
WOS:000450764700001,10.1155/2018/1838521,0.973
WOS:000439056500002,10.1093/cje/bey002,1.516
WOS:000444440100002,10.1080/10293523.2018.1483050,1.132
WOS:000483885200018,10.4102/sajbm.v49i1.320,0.429
WOS:000452987500006,10.1016/j.ijindorg.2018.09.002,0.96
WOS:000436234700011,10.1080/14697688.2017.1369145,1.357
WOS:000426023100008,10.1016/j.jeconom.2017.11.003,1.949
WOS:000428095000003,10.18267/j.pep.637,0.629
WOS:000448858500003,10.1007/s10888-018-9389-7,1.333
WOS:000434642000004,10.1002/for.2514,0.816
WOS:000450326900032,10.1002/csr.1683,5.513
WOS:000427443900001,10.5018/economics-ejournal.ja.2018-12,0.735
WOS:000443159900005,10.21314/JOR.2018.391,0.52
WOS:000448495000010,10.1016/j.jmateco.2018.07.003,0.634
WOS:000441788100015,10.1007/s11365-018-0525-4,2.537
WOS:000424725200007,10.1016/j.jeconom.2017.11.001,1.949
WOS:000445643000007,10.1016/j.ijindorg.2018.08.004,0.96
WOS:000432788900001,10.1155/2018/8618146,0.973
WOS:000430369700001,10.1186/s40854-018-0093-1,n/a
WOS:000450833100001,10.1186/s40854-018-0115-z,n/a
WOS:000442088400001,10.1186/s40854-018-0101-5,n/a
WOS:000445220200001,10.1186/s40854-018-0106-0,n/a
WOS:000438337600007,10.1111/aehr.12155,0.5
WOS:000436828200002,10.1080/1331677X.2018.1484783,1.381
WOS:000431305100064,10.1371/journal.pone.0196792,2.776
WOS:000447514000001,10.5018/economics-ejournal.ja.2018-62,0.735
WOS:000449475800012,10.3846/jbem.2018.5439,1.855
WOS:000451500000002,10.15611/aoe.2018.2.02,0.347
WOS:000446929700001,10.5018/economics-ejournal.ja.2018-51,0.735
WOS:000427838600001,10.1155/2018/5282359,0.973
WOS:000418440300002,10.1515/bejte-2015-0088,0.173
WOS:000426229000009,10.1016/j.jacceco.2017.11.009,3.753
WOS:000430766600024,10.1016/j.jeem.2018.01.010,4.175
WOS:000429377400004,10.1057/s41267-017-0136-2,7.724
WOS:000429579600006,10.1002/smj.2761,5.572
WOS:000424742200002,10.1057/s41267-017-0129-1,7.724
WOS:000426569500005,10.1287/msom.2017.0638,2.667
WOS:000430766600001,10.1016/j.jeem.2017.11.001,4.175
WOS:000440415400005,10.1057/s41267-017-0125-5,7.724
WOS:000430023000008,10.1177/0149206316632057,9.056
WOS:000434121300002,10.1111/1475-679X.12191,4.891
WOS:000440810800001,10.1017/S0022109018000224,2.266
WOS:000435288500004,10.1108/IJOPM-04-2017-0204,4.111
WOS:000426762900007,10.1002/bse.2004,6.381
WOS:000428741400001,10.1017/S0022109017001119,2.266
WOS:000429517200004,10.1016/j.bar.2017.02.002,2.984
WOS:000443229800003,10.1257/aer.20170947,4.097
WOS:000423641200003,10.1016/j.jinteco.2017.10.001,2.216
WOS:000451283500004,10.1093/rfs/hhx101,4.975
WOS:000450452000001,10.1057/s41267-018-0158-4,7.724
WOS:000438940800003,10.1287/msom.2017.0680,2.667
WOS:000447639000005,10.1111/deci.12303,1.96
WOS:000449989900012,10.1146/annurev-financial-110716-032402,n/a
WOS:000419239900013,10.1371/journal.pone.0190228,2.776
WOS:000425376000012,10.5465/amj.2014.0503,7.191
WOS:000443229800007,10.1257/aer.20160782,4.097
WOS:000425204100014,10.1016/j.jbankfin.2017.09.020,2.205
WOS:000453047900012,10.1111/1911-3846.12360,2.261
WOS:000427594100008,10.1002/smj.2745,5.572
WOS:000444540300013,10.1002/csr.1501,5.513
WOS:000431837600033,10.1016/j.jbusres.2017.07.017,4.028
WOS:000429505200008,10.1093/jcr/ucx087,4.701
WOS:000451289700003,10.1093/rfs/hhx129,4.975
WOS:000455071200003,10.1016/j.jom.2018.05.003,7.776
WOS:000433898900001,10.1108/IJLM-02-2018-0026,2.226
WOS:000428847100019,10.1111/1911-3846.12376,2.261
WOS:000436229500007,10.5465/amj.2016.0416,7.191
WOS:000425462300004,10.1111/deci.12265,1.96
WOS:000422915200005,10.1109/TEM.2017.2734940,1.867
WOS:000445726100001,10.1111/corg.12258,3.39
WOS:000424315500006,10.1016/j.jfineco.2017.12.003,4.693
WOS:000428704300005,10.1108/APJML-02-2017-0028,1.276
WOS:000426598900001,10.1162/REST_a_00699,3.636
WOS:000448492900007,10.1016/j.jcorpfin.2018.08.005,2.349
WOS:000440548700004,10.3982/ECTA14837,4.281
WOS:000449045700007,10.1093/jcr/ucy011,4.701
WOS:000427339200007,10.1016/j.jce.2017.02.002,1.708
WOS:000426191500005,10.1287/mnsc.2016.2626,4.219
WOS:000428611800013,10.1007/s10551-015-2942-4,3.796
WOS:000451289700001,10.1093/rfs/hhy070,4.975
WOS:000424737100010,10.1142/S0217590818410047,0.495
WOS:000447639000003,10.1111/deci.12297,1.96
WOS:000451282800007,10.1093/rfs/hhx144,4.975
WOS:000423792800009,10.1177/0001839217703935,8.024
WOS:000446078700057,10.1073/pnas.1808241115,9.58
WOS:000430528400010,10.1016/j.chieco.2015.11.012,2.106
WOS:000430023000009,10.1177/0149206316630379,9.056
WOS:000440920900005,10.1287/mnsc.2017.2781,4.219
WOS:000428411700005,10.1002/hrm.21871,2.934
WOS:000447750400007,10.5547/01956574.39.6.lzha,2.456
WOS:000442595600008,10.1111/1756-2171.12249,1.634
WOS:000431430000004,10.1515/snde-2016-0121,0.448
WOS:000426023100004,10.1016/j.jeconom.2017.09.007,1.949
WOS:000430720200003,10.1080/07350015.2016.1180990,2.716
WOS:000431837600032,10.1016/j.jbusres.2017.07.016,4.028
WOS:000453498400039,10.1016/j.eneco.2018.10.001,4.151
WOS:000419403800005,10.1371/journal.pone.0185155,2.776
WOS:000447885000004,10.1108/ECAM-03-2017-0049,1.561
WOS:000423832000007,10.1002/smj.2716,5.572
WOS:000426024600028,10.1016/j.econlet.2018.01.019,0.876
WOS:000428611800012,10.1007/s10551-015-2980-y,3.796
WOS:000447571000012,10.1016/j.pacfin.2018.07.002,1.442
WOS:000424716600010,10.1016/j.euroecorev.2017.09.008,1.711
WOS:000419694800006,10.1177/1059601116688612,3.104
WOS:000448532100002,10.1108/MBR-10-2017-0080,1.436
WOS:000447558100005,10.1108/CAER-02-2017-0030,1.05
WOS:000418106300001,10.1016/j.jeconom.2017.09.003,1.949
WOS:000456672800007,10.1093/rof/rfx036,1.942
WOS:000424181900041,10.1016/j.econlet.2017.12.009,0.876
WOS:000451283500001,10.1093/rfs/hhy015,4.975
WOS:000442145000002,10.1257/mic.20160253,1.453
WOS:000450057500007,10.1002/smj.2955,5.572
WOS:000432305100009,10.1509/jmr.16.0282,4.2
WOS:000438480100005,10.1016/j.ijproman.2018.05.002,4.694
WOS:000440922200017,10.1287/mnsc.2016.2701,4.219
WOS:000428940700007,10.1093/restud/rdx028,4.767
WOS:000434744900018,10.1016/j.indmarman.2018.01.005,4.779
WOS:000440548700010,10.3982/ECTA14649,4.281
WOS:000452859800002,10.3982/ECTA14415,4.281
WOS:000431622200006,10.1111/caje.12328,0.703
WOS:000449818800006,10.1111/jbfa.12341,1.562
WOS:000439683400017,10.1016/j.geb.2018.05.002,1.004
WOS:000429359800003,10.1080/1351847X.2017.1354900,1.124
WOS:000446098700001,10.1257/mac.20160250,3.032
WOS:000430314600005,10.1017/mor.2017.9,2.4
WOS:000440810800010,10.1017/S0022109018000157,2.266
WOS:000440548700009,10.3982/ECTA14917,4.281
WOS:000429149800004,10.3846/20294913.2016.1212745,4.344
WOS:000440920900009,10.1287/mnsc.2017.2771,4.219
WOS:000432025600004,10.1111/1468-0106.12267,0.492
WOS:000435061200030,10.1016/j.iref.2017.11.007,1.432
WOS:000429142200005,10.3846/ijspm.2018.444,1.597
WOS:000418043300007,10.1177/1094428117725792,6.551
WOS:000438937400003,10.1287/msom.2017.0619,2.667
WOS:000443551500001,10.1007/s10490-018-9606-8,2.737
WOS:000428744100005,10.1093/rfs/hhx079,4.975
WOS:000451062900010,10.3846/20294913.2017.1303648,4.344
WOS:000434095400012,10.1016/j.jimonfin.2018.04.011,1.78
WOS:000441706700010,10.3982/QE615,1.561
WOS:000436905500008,10.1016/j.jeconom.2018.03.009,1.949
WOS:000444391500006,10.1108/JOCM-10-2016-0215,1.185
WOS:000428601700010,10.1016/j.red.2017.08.005,1.58
WOS:000419783700002,10.1177/0312896217712334,1.183
WOS:000428402600010,10.1080/14697688.2017.1403151,1.357
WOS:000434114600006,10.1111/iere.12278,1.451
WOS:000433415100005,10.1016/j.ijindorg.2018.03.009,0.96
WOS:000424294000003,10.1111/ecoj.12412,2.926
WOS:000430662900010,10.1111/ijcs.12428,1.506
WOS:000442656700024,10.1287/mnsc.2017.2812,4.219
WOS:000423649900029,10.1016/j.jebo.2017.11.030,1.404
WOS:000453618400015,10.1016/j.indmarman.2018.05.004,4.779
WOS:000450268700007,10.3846/ijspm.2018.6048,1.597
WOS:000440413200012,10.1111/1911-3846.12419,2.261
WOS:000434114600009,10.1111/iere.12281,1.451
WOS:000428737600006,10.1080/07350015.2015.1129344,2.716
WOS:000425635100009,10.1002/jae.2589,2.053
WOS:000449291500005,10.1007/s10683-017-9553-0,2.012
WOS:000439676300009,10.1016/j.indmarman.2018.02.012,4.779
WOS:000441254900001,10.1108/JSM-05-2018-0150,2.421
WOS:000450268000005,10.3846/ijspm.2018.5223,1.597
WOS:000428492800001,10.1016/j.jeconom.2017.11.006,1.949
WOS:000431837600009,10.1016/j.jbusres.2018.01.048,4.028
WOS:000440922200023,10.1287/mnsc.2017.2779,4.219
WOS:000449039100024,10.1016/j.chieco.2017.06.007,2.106
WOS:000446949900003,10.1016/j.jmoneco.2018.04.007,2.444
WOS:000432310300006,10.1093/joclec/nhx031,0.627
WOS:000419304700004,10.1177/1356766716679484,1.865
WOS:000449818800007,10.1111/jbfa.12321,1.562
WOS:000450999200008,10.1017/jmo.2016.36,1.021
WOS:000443899400002,10.1017/S0266466617000317,1.238
WOS:000426065000008,10.1002/hrm.21846,2.934
WOS:000434004100060,10.1016/j.jbusres.2018.01.062,4.028
WOS:000425144700009,10.1111/roiw.12273,1.206
WOS:000433017200007,10.1016/j.jmoneco.2017.12.003,2.444
WOS:000443719600002,10.1007/s11146-017-9631-2,1.174
WOS:000454417400007,10.1287/orsc.2018.1221,3.257
WOS:000450268000006,10.3846/ijspm.2018.5224,1.597
WOS:000418106300003,10.1016/j.jeconom.2017.05.020,1.949
WOS:000457552500008,10.1080/02650487.2017.1353263,2.234
WOS:000451553000009,10.1080/07350015.2016.1191503,2.716
WOS:000428789300006,10.1080/09638199.2017.1389976,0.958
WOS:000454379700012,10.1016/j.jinteco.2018.09.009,2.216
WOS:000446532400002,10.1177/1356766717725563,1.865
WOS:000448499600014,10.3982/TE2167,2.16
WOS:000435748300018,10.1016/j.econmod.2017.12.012,2.056
WOS:000446676500013,10.1017/mor.2018.47,2.4
WOS:000430520000008,10.1016/j.iref.2017.12.013,1.432
WOS:000428093000009,10.1016/j.ijindorg.2017.08.001,0.96
WOS:000426407900006,10.1016/j.jempfin.2017.09.009,1.244
WOS:000443200400002,10.1007/s11403-017-0190-7,1.487
WOS:000429149800001,10.3846/20294913.2016.1212741,4.344
WOS:000419476700010,10.5547/01956574.39.1.xmu,2.456
WOS:000429494100002,10.1287/mnsc.2016.2598,4.219
WOS:000430102000003,10.1007/s11146-016-9580-1,1.174
WOS:000441391400012,10.1007/s11142-018-9449-z,2.108
WOS:000440690600007,10.1007/s00199-017-1069-5,0.961
WOS:000451553000005,10.1080/07350015.2016.1215317,2.716
WOS:000434904400005,10.1016/j.frl.2017.10.004,1.709
WOS:000425135500001,10.1111/1468-0106.12248,0.492
WOS:000431970200004,10.1111/ajfs.12211,0.556
WOS:000431458700003,10.1177/875697281804900103,2.043
WOS:000419420000002,10.1016/j.iref.2017.10.008,1.432
WOS:000429149800009,10.3846/20294913.2016.1213198,4.344
WOS:000448095300031,10.1016/j.econlet.2018.08.039,0.876
WOS:000456012700003,10.1057/s41288-017-0066-z,0.597
WOS:000429149800024,10.3846/tede.2018.247,4.344
WOS:000429142200002,10.3846/ijspm.2018.441,1.597
WOS:000435983100011,10.1142/S0217590816500260,0.495
WOS:000441063000007,10.1080/09585192.2018.1477548,3.15
WOS:000454066800010,10.1142/S0217590816500077,0.495
WOS:000444563000007,10.1080/00036846.2018.1489113,0.968
WOS:000429141100006,10.3846/1648715X.2016.1260072,1.597
WOS:000427846100010,10.1080/08985626.2018.1447241,2.928
WOS:000436215000004,10.1016/j.euroecorev.2018.04.001,1.711
WOS:000433896300002,10.1108/APJML-06-2017-0124,1.276
WOS:000446065600001,10.1155/2018/8302645,0.973
WOS:000435280700002,10.1111/mafi.12155,2.529
WOS:000450268000004,10.3846/ijspm.2018.5222,1.597
WOS:000442127700008,10.3846/ijspm.2018.4400,1.597
WOS:000447149800001,10.1002/fut.21932,1.449
WOS:000450268700002,10.3846/ijspm.2018.6271,1.597
WOS:000452573400022,10.1016/j.iref.2018.04.004,1.432
WOS:000432500600003,10.1016/j.jmateco.2018.02.002,0.634
WOS:000435084500006,10.1111/eufm.12131,1.292
WOS:000450129200016,10.1111/twec.12468,1.088
WOS:000431501500002,10.1111/jbfa.12296,1.562
WOS:000440550900005,10.1002/jae.2640,2.053
WOS:000451420700011,10.3982/QE683,1.561
WOS:000431430000005,10.1515/snde-2014-0032,0.448
WOS:000448812100001,10.1108/CCSM-10-2018-219,2.619
WOS:000425135500008,10.1111/1468-0106.12255,0.492
WOS:000453639900013,10.1016/j.chieco.2018.07.007,2.106
WOS:000448166400004,10.1093/jjfinec/nbx035,1.902
WOS:000419708000006,10.1007/s11146-017-9616-1,1.174
WOS:000426895700001,10.1080/13602381.2018.1431249,0.897
WOS:000443813500006,10.1111/twec.12639,1.088
WOS:000438940800003,10.1287/msom.2017.0680,2.667
WOS:000452170000001,10.1057/s41291-018-0039-5,1.231
WOS:000427811100011,10.1016/j.jbusres.2017.11.018,4.028
WOS:000430499600004,10.1080/07474938.2015.1122270,1.07
WOS:000443551500001,10.1007/s10490-018-9606-8,2.737
WOS:000418423000004,10.1108/JSOCM-11-2016-0072,1.548
WOS:000426881700004,10.1108/IMR-05-2013-0092,3.447
WOS:000431837600009,10.1016/j.jbusres.2018.01.048,4.028
WOS:000427217000008,10.1016/j.bushor.2017.11.009,2.828
WOS:000436917500025,10.1016/j.jcorpfin.2017.10.005,2.349
WOS:000418694300010,10.1177/1938965517730313,2.492
WOS:000437380400013,10.1016/j.econlet.2018.05.010,0.876
WOS:000424989900001,10.1016/j.qref.2017.02.003,n/a
